epoch,train_loss,test_c1,epe_loss,test_c3,max_acc,max_epo
1,1.7838986937407475,19.092116426630007,0.9515818119094147,4.21915243971464,4.21915243971464,1
2,1.6902283234581066,17.954469863446935,0.8541544474457131,3.282256737500919,3.282256737500919,2
3,1.498714995422181,16.913114159109234,0.8019153313156522,2.988809440728781,2.988809440728781,3
4,1.5773528142339865,18.1299780716854,0.8416637644630306,2.949422499921226,2.949422499921226,4
5,1.715540380804402,17.732385868315745,0.8089212998230213,3.0186151434910014,2.949422499921226,4
6,1.4305114744195513,17.99978526823382,0.8588673698013615,3.6558199894267944,2.949422499921226,4
7,1.3658944184233428,17.876991374551718,0.8422885566786831,3.0543493102325523,2.949422499921226,4
8,1.3908914052377082,16.13256418904331,0.7642915847503393,2.6222599818178214,2.6222599818178214,8
9,1.3039888124557057,16.898246318342178,0.790553415146817,2.7543200180187957,2.6222599818178214,8
10,1.3766267910884444,16.877625066666045,0.8044118775732801,2.7269183774214216,2.6222599818178214,8
11,1.2661290381364763,21.092156105325934,0.9404434977740543,4.041181818287911,2.6222599818178214,8
12,1.3457025025680567,16.43972397631882,0.7864113007369442,2.664809548094664,2.6222599818178214,8
13,1.3888787701251402,18.146561432540963,0.822164119291957,3.126856291932504,2.6222599818178214,8
14,1.3639206100421346,16.732599433061456,0.7999165033324269,2.936725317225339,2.6222599818178214,8
15,1.3728772308796076,17.875882705106765,0.8342131064531272,3.345964384869346,2.6222599818178214,8
16,1.1788891358360363,15.003506896507457,0.7403921730344166,2.5046826696293425,2.5046826696293425,16
17,1.1971283953660612,15.007404744871819,0.7400997856292808,2.5420156544125625,2.5046826696293425,16
18,1.1594823143284791,15.12269469694229,0.7331780436331448,2.4783546878628706,2.4783546878628706,18
19,1.2019734299106963,14.857267561615764,0.731257527282021,2.451548227704366,2.451548227704366,19
20,1.1324567944760535,14.764909561748803,0.7353278471397203,2.4693102792329875,2.451548227704366,19
21,1.195797799119524,14.974238023160687,0.732744747167933,2.4755188281247267,2.451548227704366,19
22,1.243463668853614,14.586425451315991,0.7248956875165571,2.34885042648763,2.34885042648763,22
23,1.1762823908571984,14.86246080270002,0.7284350171639535,2.4411267349218035,2.34885042648763,22
24,1.150490344330004,14.668922128225207,0.7240625953674539,2.420820578772131,2.34885042648763,22
25,1.172658941168694,14.790899107579447,0.7251388239227234,2.406746311923565,2.34885042648763,22
26,1.2776727097429288,14.57936497748234,0.7176763001410345,2.3817604036957203,2.34885042648763,22
27,1.228387302463981,14.422027277936428,0.711698457064004,2.330598226362292,2.330598226362292,27
28,1.3059901758364052,14.590615054797446,0.7220136224293456,2.4093837781820855,2.330598226362292,27
29,1.1704664036726495,14.652023671843182,0.7207790136970275,2.4147637425412807,2.330598226362292,27
30,1.145806489666556,14.404510300706164,0.718662901524333,2.3654221171385124,2.330598226362292,27
31,1.0955331167977327,14.866778778432996,0.7238021565152418,2.4425971807119526,2.330598226362292,27
32,1.2030784140346915,14.749108104607048,0.72345645906807,2.4137250943244295,2.330598226362292,27
33,1.1521895723358082,14.353814931560086,0.7107478527917463,2.326303591038683,2.326303591038683,33
34,1.2160990486858756,14.513148236106913,0.7163964123821456,2.3816903824676183,2.326303591038683,33
35,1.099762256927551,14.615204176066044,0.7173126082411484,2.3383239018629145,2.326303591038683,33
36,1.1591337856593404,14.479433014775648,0.7155184086355721,2.298423472049276,2.298423472049276,36
37,1.150146534678283,14.63102897361717,0.7210046106061154,2.3904196955710404,2.298423472049276,36
38,1.0905793311109968,14.770032781604955,0.7207612913971335,2.382273892701804,2.298423472049276,36
39,1.2485422064923937,14.63470508809254,0.7183798461801377,2.3582216008486574,2.298423472049276,36
40,1.1051425804757768,14.494732653116001,0.7159283532947321,2.3744548555637115,2.298423472049276,36
41,1.123202028737706,14.319936327363244,0.7138857273980228,2.392567013232845,2.298423472049276,36
42,1.2168390323781664,14.313622746629354,0.7142722815024046,2.366052308191433,2.298423472049276,36
43,1.1658608602110747,14.873185720804358,0.7290156490515625,2.4227111519308937,2.298423472049276,36
44,1.1985430983221455,14.534924838046734,0.7187051959872293,2.3727976864986235,2.298423472049276,36
45,1.180145764047173,14.566142635575686,0.7141340178406795,2.3341226281767753,2.298423472049276,36
46,1.0520813873239383,14.580882104091222,0.714768874696137,2.3566811338304063,2.298423472049276,36
47,1.1634592408207571,14.22883870960213,0.7130238558859553,2.279225985344557,2.279225985344557,47
48,1.1330132355355913,14.279837504069985,0.7085382207956046,2.294187187749086,2.279225985344557,47
49,1.1755856017398227,14.356137302292145,0.7104475943805922,2.33476448943438,2.279225985344557,47
50,1.0397459255282286,14.625322243526828,0.7196557200268298,2.396569893439361,2.279225985344557,47
51,1.1325934939323716,14.23794146925543,0.7017458694586951,2.3030915539227643,2.279225985344557,47
52,1.061172996736636,14.42059184276033,0.7075287125328079,2.326303591038683,2.279225985344557,47
53,1.1750446561795131,14.276266421436764,0.70998202113795,2.3094984962941263,2.279225985344557,47
54,1.1632998663528709,14.240882360835727,0.7024268131377037,2.2967079519607694,2.279225985344557,47
55,1.1397737158331902,14.733516711149598,0.7173805890069006,2.3968616485564542,2.279225985344557,47
56,1.1073614413950854,14.157638790826752,0.706399812149821,2.311890888254289,2.279225985344557,47
57,1.107769222775842,14.03328108971703,0.7015358130682661,2.243141712462495,2.243141712462495,57
58,1.0449600696184074,15.116066020681936,0.7348839914186067,2.5111713034334913,2.243141712462495,57
59,1.1736748596285558,14.580485317131977,0.7113676450540797,2.3692966250935075,2.243141712462495,57
60,1.105811200703785,14.078211377749355,0.7012561730824103,2.25385496036215,2.243141712462495,57
61,1.112595663328839,14.327685343273236,0.7120438805348863,2.366659158834987,2.243141712462495,57
62,1.1377167099980032,14.111588163144791,0.7059576941951234,2.2738693613947296,2.243141712462495,57
63,1.1390759058439048,14.418071078548648,0.70840951804024,2.3428402710755143,2.243141712462495,57
64,1.1316839329376343,14.376886926219798,0.7152487206902809,2.363286469681392,2.243141712462495,57
65,1.1299032804312978,14.05636475458143,0.6989424829768183,2.2871150437107515,2.243141712462495,57
66,1.1127689063169395,14.135220327629327,0.7044658340352475,2.3182628200116002,2.243141712462495,57
67,1.0664228629914059,14.180349009141272,0.6980577953028593,2.258861478171466,2.243141712462495,57
68,1.1184523583977086,14.159879470126027,0.7055268671634576,2.3212503924106325,2.243141712462495,57
69,1.1169768792049142,14.226387966618548,0.7059251853812014,2.3190797343394607,2.243141712462495,57
70,1.0908761899562398,14.237836437413275,0.7088466880104985,2.2992053757630857,2.243141712462495,57
71,1.1770954306717891,14.045394762178734,0.7034829265452518,2.318811319631735,2.243141712462495,57
72,1.0509468903587122,14.164069073607482,0.7038392725983302,2.2825753340887847,2.243141712462495,57
73,1.1058788998111797,14.305103497210236,0.7055395598786532,2.3197099253923814,2.243141712462495,57
74,1.086344290690817,13.983425975308181,0.6968767418692225,2.248101549453076,2.243141712462495,57
75,1.0658856316167078,14.120714263207462,0.7102492419290323,2.26000515823047,2.243141712462495,57
76,1.0347008794356303,13.949885807047169,0.6944022591364574,2.2492919103308155,2.243141712462495,57
77,1.065402575928694,14.1318709788851,0.6958906847915644,2.2584530210075355,2.243141712462495,57
78,1.0363970062914927,14.960397160405797,0.720884721134624,2.409745554527281,2.243141712462495,57
79,1.0266650573463196,14.813259219753455,0.7173365312490153,2.3790879268231486,2.243141712462495,57
80,1.0914023596390037,14.054065724258738,0.6997482125987445,2.2437952439247835,2.243141712462495,57
81,1.056482116128229,14.191283990929918,0.7016925420936989,2.288258723769756,2.243141712462495,57
82,1.0611930876780467,13.867144055839594,0.695841624801023,2.281571696485985,2.243141712462495,57
83,1.0492576542933276,14.346906170387323,0.7038121293433585,2.304947116467476,2.243141712462495,57
84,1.1013805792210207,14.272660328189495,0.7029135600521016,2.2961944629546855,2.243141712462495,57
85,1.0419070847854492,14.325036206810033,0.7085262565564668,2.3380554871551893,2.243141712462495,57
86,1.1004275119608375,13.924176346128936,0.6964684164509624,2.2440169778137737,2.243141712462495,57
87,1.1180561591105855,13.968336400652131,0.695189836119692,2.235100941435412,2.235100941435412,87
88,1.107779680733468,13.834269089245558,0.6950021774049082,2.2549402893977355,2.235100941435412,87
89,1.0529315750690023,13.920943699431545,0.6956735588099542,2.2422897875205834,2.235100941435412,87
90,1.1359268612922377,14.182309603528138,0.7017389876848706,2.3214604560949392,2.235100941435412,87
91,1.1439174468729907,13.929638001920916,0.6969122584960549,2.264848293174214,2.235100941435412,87
92,1.092178737851465,14.240543924899898,0.701831133068196,2.2400257678119417,2.235100941435412,87
93,0.9997407784507533,14.01090930733834,0.7020386393365547,2.275876636600329,2.235100941435412,87
94,1.0696442353117996,13.894393983776082,0.696820744944905,2.1836119983708393,2.1836119983708393,94
95,1.0585123951647692,14.207318852165349,0.7053337302904831,2.2933352628071746,2.1836119983708393,94
96,1.1141231627600967,14.645476687015613,0.7193966843343841,2.409033672041574,2.1836119983708393,94
97,1.048396349712542,14.225466020448533,0.7086625495035495,2.273437563821432,2.1836119983708393,94
98,1.0864998375534252,13.922892623613725,0.6993604463430246,2.2242476510795526,2.1836119983708393,94
99,1.0747377948396524,14.139363250292048,0.704924681410706,2.3202817654218837,2.1836119983708393,94
100,1.0309703705037476,13.940129515931579,0.6977058935007755,2.245662476674178,2.1836119983708393,94
101,1.062396827586897,14.115696075193462,0.7108118994220914,2.29752486628863,2.1836119983708393,94
102,1.0735771971143735,13.791567810307825,0.6989889117008973,2.253434832993536,2.1836119983708393,94
103,1.0712968559022162,13.88058813163524,0.7001241632280895,2.230024402397994,2.1836119983708393,94
104,1.062560064207976,13.965430519685885,0.69458388672593,2.2263599581273055,2.1836119983708393,94
105,1.041463873568614,13.926942184638976,0.6963048156807872,2.2396173106480113,2.1836119983708393,94
106,1.0630210330531855,13.927922481832407,0.6948898398322758,2.213767807273572,2.1836119983708393,94
107,1.0527260538878713,14.222910245622797,0.7014956028309874,2.2955409314923974,2.1836119983708393,94
108,1.0941404774310484,13.896564641847252,0.703880442892291,2.2294875729825425,2.1836119983708393,94
109,1.0945464961088387,13.923697867736903,0.6979168921690593,2.241052745824109,2.1836119983708393,94
110,1.0663535999264686,13.85912662522188,0.6965381358948655,2.242138074859695,2.1836119983708393,94
111,1.0756299514679393,13.764866381991473,0.6920397160041103,2.2177590172754043,2.1836119983708393,94
112,1.017837266633465,13.76937108099939,0.6907190764375066,2.1735872925475244,2.1735872925475244,112
113,1.0357948613774246,13.621101130492727,0.6872538234143402,2.1677288497962968,2.1677288497962968,113
114,1.0829839085697368,14.027796093515684,0.698809922671765,2.238193545676598,2.1677288497962968,113
115,1.0937114849591711,13.879794557716748,0.6923695515461271,2.203766441859624,2.1677288497962968,113
116,1.0747022304185636,13.732236489695794,0.6892838445782563,2.1776251833680913,2.1677288497962968,113
117,0.9757254708344769,13.738304996131326,0.692271716482151,2.1779869597132864,2.1677288497962968,113
118,1.0297348254425511,13.883015534209456,0.6933967319634069,2.20102394375895,2.1677288497962968,113
119,1.0103169814416557,13.698031119767808,0.6910029596368465,2.1833085730490627,2.1677288497962968,113
120,1.0999197864988048,14.089694859158136,0.6999701753331552,2.2732508405464924,2.1677288497962968,113
121,1.0438820262243793,13.86051537957924,0.6942521657164689,2.255640501678759,2.1677288497962968,113
122,1.0345120532497478,13.819728014209643,0.6962348546271778,2.259363296972866,2.1677288497962968,113
123,1.013192015848342,13.770444739830292,0.6928845467380027,2.205808727679275,2.1677288497962968,113
124,1.002793734810155,13.885466277193037,0.6969757754085155,2.243515159012374,2.1677288497962968,113
125,1.0164890065314665,13.875418230960355,0.6913463741002273,2.2266400430397146,2.1677288497962968,113
126,1.046592329338098,14.340370855764439,0.7088953007951494,2.3356280845809754,2.1677288497962968,113
127,1.102344954659225,13.94157662131236,0.6993826279375364,2.2793310171867103,2.1677288497962968,113
128,1.0492565994429741,13.807007491104386,0.6977444074555686,2.249268569921448,2.1677288497962968,113
129,1.0276314534579114,13.924631484111599,0.6968846242719251,2.2348675373417377,2.1677288497962968,113
130,1.061675032992272,13.719445945362436,0.6941958820515753,2.2300360726026773,2.1677288497962968,113
131,1.0059800520064726,13.501481532484599,0.6891380946625736,2.186389507085565,2.1677288497962968,113
132,1.0299765186704648,13.9900779919779,0.6991333409688079,2.256842532761182,2.1677288497962968,113
133,0.9944993411279788,13.60799549063291,0.6926857799030031,2.2464910612067226,2.1677288497962968,113
134,1.0129818286106085,13.651700407173442,0.6960379987881952,2.2216101848210315,2.1677288497962968,113
135,1.0075836096219957,13.535103392178396,0.6858943357421609,2.171124879359259,2.1677288497962968,113
136,1.0067395317326686,13.608532320048361,0.6939549502200125,2.2539016411808848,2.1677288497962968,113
137,1.0259579507408627,13.655563244923751,0.6919903596997782,2.2050618345795168,2.1677288497962968,113
138,1.0535534483611964,14.002740164059738,0.7027320414149306,2.318122777555396,2.1677288497962968,113
139,1.0540016802253238,13.598542624839096,0.6914250413088776,2.2097882674764233,2.1677288497962968,113
140,0.9856244568612166,13.574910460354564,0.691985204751553,2.239057140823193,2.1677288497962968,113
141,1.0560655713461007,14.057986913032467,0.7008619367011015,2.251007430419322,2.1677288497962968,113
142,0.9529203320764432,13.508962133686865,0.6855984130855671,2.1992500726470245,2.1677288497962968,113
143,1.0256694147161618,13.902551456850002,0.7002357262820595,2.283975758650831,2.1677288497962968,113
144,1.0566245740765978,13.728280290308012,0.6924931517780141,2.2177706874800878,2.1677288497962968,113
145,0.9993942471066858,13.708382591322268,0.6964321198350591,2.240235831496249,2.1677288497962968,113
146,0.9913559899588299,13.492262070784458,0.6904863256017741,2.199623519196903,2.1677288497962968,113
147,1.0931633357789106,13.426570488619799,0.686315609161344,2.1772400666135283,2.1677288497962968,113
148,1.0147647960170818,13.552153561221312,0.6885329922703858,2.2278187337127706,2.1677288497962968,113
149,1.0161455621005624,13.68208962016985,0.692368777483332,2.2046183668015353,2.1677288497962968,113
150,1.0140584980606273,13.379002734328957,0.6860499989496815,2.1408523684096896,2.1408523684096896,150
151,1.0305805999761934,13.491690230754957,0.6885920384915444,2.1491848945538656,2.1408523684096896,150
152,1.0427536451892487,13.464557004865307,0.6829916294362824,2.1450303016864614,2.1408523684096896,150
153,0.993529200553894,13.748259680726541,0.6907385027696313,2.207010758761698,2.1408523684096896,150
154,1.031280711577956,13.55826874847558,0.6869752328351711,2.211130341015051,2.1408523684096896,150
155,1.095954810927628,13.950305934415782,0.7051903258124212,2.296847994416974,2.1408523684096896,150
156,0.9220291334352676,13.725724515482277,0.6937598841163263,2.203533037765949,2.1408523684096896,150
157,0.9802479402274843,13.468583225481193,0.689000099962597,2.1877315806241926,2.1408523684096896,150
158,0.9440905110091921,13.431378612949493,0.6895555018705879,2.1900656215609366,2.1408523684096896,150
159,1.0296052946786212,13.602638866683083,0.6899197613253502,2.155580166720544,2.1408523684096896,150
160,1.0029413891825707,13.308187932308144,0.6823672320017727,2.137713083349769,2.137713083349769,160
161,1.0311148009102815,13.464136877496694,0.6856172586426619,2.155288411603451,2.137713083349769,160
162,1.0462082035981926,13.280587898231147,0.681086323099974,2.1562103577734653,2.137713083349769,160
163,0.980551930939316,13.491328454409762,0.6898801842878491,2.195340554077978,2.137713083349769,160
164,0.9850266712486364,13.63181437839238,0.685891551304262,2.1944302781126477,2.137713083349769,160
165,1.0369715662139236,13.591972299602162,0.6874623572077518,2.2016541348118706,2.137713083349769,160
166,1.0113632530923102,13.52724934442625,0.6819997459177624,2.1527793175964516,2.137713083349769,160
167,1.0317826403933725,13.900987649422383,0.6978130027305361,2.237901790559505,2.137713083349769,160
168,1.0012237915567532,13.707308932491365,0.6937827258067905,2.2117605320679723,2.137713083349769,160
169,1.0425537477253348,13.51708459614673,0.6842760662956612,2.134293713377439,2.134293713377439,169
170,1.095649288148637,14.235665779342105,0.7079775153266257,2.310397102054773,2.134293713377439,169
171,0.9891183072594321,13.39460579799109,0.6831777350109349,2.1920145457431177,2.134293713377439,169
172,1.0001149126298867,13.401712952643477,0.6819615556288023,2.1162632471410916,2.1162632471410916,172
173,0.9807818812929141,13.584748442902942,0.6867787416900849,2.1751044191564075,2.1162632471410916,172
174,0.9939092993736267,13.470415447616535,0.6864226158209464,2.138296593583955,2.1162632471410916,172
175,1.0348947564507747,13.636330747604983,0.6874143539177753,2.2037080908362054,2.1162632471410916,172
176,1.061133271569659,13.50231011701714,0.6898194335785924,2.2211550468383665,2.1162632471410916,172
177,1.083745302098572,13.275254614690688,0.6789095395389452,2.1025624268424044,2.1025624268424044,177
178,0.997382299155946,13.681634482187183,0.6932796396941006,2.2021559536132704,2.1025624268424044,177
179,0.9977575362108315,13.320488328044785,0.6835844275122741,2.1681723175742778,2.1025624268424044,177
180,1.0159505958769732,13.558653865230141,0.6887296014851211,2.1859927201263183,2.1025624268424044,177
181,1.0122583464832062,13.215048028727375,0.6801777393143229,2.159384653447437,2.1025624268424044,177
182,1.001493363243759,13.445067763043497,0.6881160090190259,2.193414970305164,2.1025624268424044,177
183,0.9653197815463801,13.57627587430256,0.6876694805475193,2.167040307719957,2.1025624268424044,177
184,1.034777889395975,13.304920274996704,0.6796577396104544,2.1484029908400566,2.1025624268424044,177
185,0.962728194560215,13.372805855641904,0.6801280196836966,2.1452987163941866,2.1025624268424044,177
186,0.9384435487400954,13.454473948018574,0.6841819210221816,2.1951888414170897,2.1025624268424044,177
187,1.0096415070591458,13.430258273299856,0.6835374531149527,2.1780686511460723,2.1025624268424044,177
188,0.9355282288068419,13.443877402165757,0.6865412375252806,2.190345706473346,2.1025624268424044,177
189,0.9886426992097478,13.377088820760827,0.6825418105140959,2.1664101166670364,2.1025624268424044,177
190,1.037914217277697,13.318597754886023,0.6794153225629986,2.127326601181258,2.1025624268424044,177
191,0.9736478304027751,13.378045777544893,0.685443481545176,2.17517444038451,2.1025624268424044,177
192,0.9681146661187433,13.314058045264057,0.6793488671294681,2.153666253152414,2.1025624268424044,177
193,1.0135001536387547,13.157794004549045,0.6761805465091209,2.1482279377698004,2.1025624268424044,177
194,1.0035786867901018,13.538312698466418,0.6865561320798755,2.1260778892801,2.1025624268424044,177
195,0.9814602030310661,13.487734031367177,0.6839108932826885,2.1861911136059415,2.1025624268424044,177
196,1.012390859947083,13.45568764930568,0.687598407177526,2.143653217533782,2.1025624268424044,177
197,0.9660805752322932,13.579800276117043,0.6864365398339096,2.162780683010399,2.1025624268424044,177
198,1.0042469715996154,13.231327964261167,0.677315015312038,2.127828419982658,2.1025624268424044,177
199,1.0395302015125372,13.113563928797747,0.6758107231931022,2.1368378179984897,2.1025624268424044,177
200,0.9964074148873615,13.397324955682397,0.6852190439068111,2.22285889672219,2.1025624268424044,177
201,0.9835941730790837,13.181962998449029,0.6763149047550833,2.0939731561951866,2.0939731561951866,201
202,1.004993315335292,13.200075156118164,0.6780758082637887,2.1467108111609168,2.0939731561951866,201
203,1.052948293412567,13.280926334166976,0.6832518303257271,2.1751510999751424,2.0939731561951866,201
204,0.9171841666576969,13.255193532839375,0.6813440367770454,2.170284624622031,2.0939731561951866,201
205,0.953661980522666,13.284520757209561,0.684054216160491,2.19026401504056,2.0939731561951866,201
206,0.9742649245034357,13.338308730596825,0.6836297790217568,2.1681723175742778,2.0939731561951866,201
207,1.0425237419119306,13.47616885852561,0.6827826657599404,2.177426789888468,2.0939731561951866,201
208,0.9304034151848714,13.336709912555156,0.6878978687325166,2.269738108936693,2.0939731561951866,201
209,1.0375952284047558,13.589930013782512,0.690477699223523,2.172245219008896,2.0939731561951866,201
210,1.0185223485633825,13.21948270650719,0.6804694000668703,2.140222177356769,2.0939731561951866,201
211,0.9412998564683708,13.475433635630536,0.6879288494790129,2.2163936033274085,2.0939731561951866,201
212,0.9361193751453594,13.365173541778749,0.6833554115979078,2.1589411856694554,2.0939731561951866,201
213,1.0233245873527161,13.093701240426055,0.6759383519249419,2.136627754314183,2.0939731561951866,201
214,0.9168520516650692,13.357879663851424,0.6811398145772235,2.110509836232018,2.0939731561951866,201
215,0.9824066807509987,13.439291011725055,0.6879589704596485,2.1887702288410438,2.0939731561951866,201
216,0.9777387695707334,13.107448741543479,0.6752286977189418,2.103799468538879,2.0939731561951866,201
217,0.9866649924190181,13.048887654440572,0.6769111810991115,2.1273032607718907,2.0939731561951866,201
218,0.947907474200437,13.544416215516003,0.6898458620335274,2.1713116026341983,2.0939731561951866,201
219,0.9821505269427209,13.176793097774143,0.677789455630903,2.122996955243598,2.0939731561951866,201
220,0.9369815999914886,13.540693420221897,0.6864397254350945,2.1526159347308793,2.0939731561951866,201
221,0.8702439219708655,13.369304794236786,0.6868259636233884,2.2061121530010515,2.0939731561951866,201
222,0.9906821681815348,13.46217628310983,0.6888138097616594,2.2244110339451244,2.0939731561951866,201
223,0.9334771874224305,13.374077907952428,0.6833202154458369,2.195433915715448,2.0939731561951866,201
224,0.9399486201204312,13.2605501567892,0.6772610169102725,2.0955486338274887,2.0939731561951866,201
225,0.9721939894044476,13.42374629908634,0.6850985691016159,2.1743108452379145,2.0939731561951866,201
226,0.9710380913345678,13.5085770169323,0.6863540506332253,2.174007419916138,2.0939731561951866,201
227,0.9650909283738227,13.202000739890977,0.6758627417628778,2.1413425170064055,2.0939731561951866,201
228,0.960904114755096,13.394757510651981,0.6817828273558059,2.1361025951034156,2.0939731561951866,201
229,0.9023756195025839,13.166791732360196,0.6787917092203661,2.1358458506003735,2.0939731561951866,201
230,0.9796437641997247,13.227500137124906,0.676477873693083,2.1408523684096896,2.0939731561951866,201
231,0.9455410635015767,13.261507113573265,0.6814187023819179,2.183506966528686,2.0939731561951866,201
232,0.966372806934794,13.113879024324207,0.6756806236601146,2.130162460919402,2.0939731561951866,201
233,0.9489579667710955,13.219762791419598,0.6823156597261528,2.153164434351014,2.0939731561951866,201
234,0.886055211732342,13.351542742708164,0.684126300644312,2.1809395214982676,2.0939731561951866,201
235,0.9679896383528497,13.514178715180487,0.687387328276585,2.1983631370910617,2.0939731561951866,201
236,0.9609331716397765,13.274180955859785,0.6789331525570002,2.1415642508953963,2.0939731561951866,201
237,0.982148863327731,13.435369822951323,0.6825738880774855,2.181032883135737,2.0939731561951866,201
238,0.902682303243382,13.027717903144303,0.6736450450170852,2.1401171455146155,2.0939731561951866,201
239,0.9869592028438665,13.16495951022485,0.6737741744643084,2.163212480583697,2.0939731561951866,201
240,0.9295021538521834,13.159404492795398,0.6717505650749577,2.0975559090330886,2.0939731561951866,201
241,1.0147427975372145,13.179278851371773,0.678452737640378,2.193134885392755,2.0939731561951866,201
242,0.9766175443199789,13.20505833351811,0.6774221382178197,2.1273032607718907,2.0939731561951866,201
243,1.001194181715607,13.492997293679535,0.6916427024787807,2.1850357633422535,2.0939731561951866,201
244,0.9320774218838686,13.26114533722807,0.680446412954715,2.1431163881183313,2.0939731561951866,201
245,0.9996981240192037,13.061293082019365,0.6738229819043265,2.154623209936479,2.0939731561951866,201
246,1.0042350119466235,13.225877978673866,0.678500767370662,2.1252959855662907,2.0939731561951866,201
247,0.9929560876576005,13.763279234154489,0.6947884385178607,2.286939990640496,2.0939731561951866,201
248,0.9351626477044099,13.368744624411969,0.6820209984545731,2.1940218209487177,2.0939731561951866,201
249,0.9840724126548525,13.183480125057914,0.681500004959837,2.1948153948672102,2.0939731561951866,201
250,0.9692798503644907,14.136725784033526,0.7054296201683894,2.2713836077970972,2.0939731561951866,201
251,0.9397457031307707,13.222797044637366,0.6803538303945813,2.191139280391839,2.0939731561951866,201
252,0.9126366412943336,13.081622578578406,0.6755241699785735,2.1482862887932193,2.0939731561951866,201
253,0.9259683757450929,13.37292255768874,0.6857421435087987,2.1709731666983707,2.0939731561951866,201
254,0.96701241830352,13.076791113839345,0.6787082189349363,2.1670169673105897,2.0939731561951866,201
255,0.9520959404243785,13.1348153715268,0.6835767999394317,2.150783712595535,2.0939731561951866,201
256,0.9828702108875201,13.191835991611455,0.6846465756920723,2.1715333365231895,2.0939731561951866,201
257,0.939982882350873,13.278860707937955,0.6829007477173079,2.144598504113164,2.0939731561951866,201
258,0.9793238328520659,13.159264450339196,0.6811262365675944,2.1164266300066634,2.0939731561951866,201
259,0.9265015392926088,13.021766098755606,0.6731627159133744,2.1409690704565265,2.0939731561951866,201
260,0.9913826189982663,13.575108853834186,0.6908480390372723,2.2786891559291056,2.0939731561951866,201
261,0.9931771415434066,13.28336540694587,0.6771857121793465,2.1273032607718907,2.0939731561951866,201
262,0.9042842008505657,13.255368585909627,0.684372834174123,2.185595933167072,2.0939731561951866,201
263,0.897673750379283,13.58939318436706,0.6897608924584804,2.144551823294429,2.0939731561951866,201
264,0.9907544874081946,12.994201075292661,0.6743898406710718,2.1236038058871514,2.0939731561951866,201
265,1.0029373121489384,13.375186577397379,0.6816646200349115,2.1654765002923386,2.0939731561951866,201
266,0.9339659246289806,13.641664031145442,0.6896944083053054,2.1264046550112443,2.0939731561951866,201
267,0.9458583817360507,13.00486764237358,0.6730742206600843,2.14640738583914,2.0939731561951866,201
268,0.9611061902562524,13.27677174129957,0.6789541703221151,2.1510988081219957,2.0939731561951866,201
269,0.9011210256321415,13.184518773274764,0.6779975490564347,2.113859184976245,2.0939731561951866,201
270,0.9135232171055617,13.216798559429934,0.6789596639797966,2.1517756799936514,2.0939731561951866,201
271,0.8882774735332295,13.221046513934809,0.6795837217931153,2.1899839301281503,2.0939731561951866,201
272,0.9550477066996751,13.272103659426083,0.6783897969442736,2.1406773153394334,2.0939731561951866,201
273,0.9336950439176742,13.220077886946058,0.6764683633880004,2.141319176597038,2.0939731561951866,201
274,0.9344292024897921,13.35996863048981,0.6842179400148561,2.200638827004387,2.0939731561951866,201
275,0.9420295855042281,13.198534689099912,0.6760359130126283,2.1422411227670524,2.0939731561951866,201
276,0.9266784472070682,13.46412520729201,0.6814503760468174,2.1252609749522398,2.0939731561951866,201
277,0.9183052670993622,13.144968449601638,0.672805277146209,2.1194725534291146,2.0939731561951866,201
278,0.924701056282991,13.356094122534815,0.6802483486113332,2.148169586746382,2.0939731561951866,201
279,0.990366777227183,13.210018170508691,0.6781346584619778,2.1337685541666715,2.0939731561951866,201
280,0.9964057894269372,13.024555277675015,0.6702984246390697,2.1410274214799454,2.0939731561951866,201
281,0.9779148881982087,12.915625587157173,0.6684569588810549,2.1002517263150278,2.0939731561951866,201
282,0.9540134689230828,13.09616365361432,0.6717091513478212,2.1360092334659457,2.0939731561951866,201
283,0.9006263742780989,13.005334450560929,0.6712179496974792,2.127548335070249,2.0939731561951866,201
284,0.9177172239039354,13.580208733280974,0.6830118758738066,2.1237088377293047,2.0939731561951866,201
285,0.9658636424192197,12.947940383926394,0.6707399048353159,2.161835396431018,2.0939731561951866,201
286,1.0043576838104589,12.910198941979242,0.6696311624515833,2.145917237242424,2.0939731561951866,201
287,0.9143816750900001,12.974886886541103,0.6733989760161248,2.1039745216091346,2.0939731561951866,201
288,0.9686009477657876,12.988891132161568,0.6697734450400463,2.109517868833901,2.0939731561951866,201
289,0.9423162901097801,13.038454491453324,0.669266116625607,2.0914290515741354,2.0914290515741354,289
290,0.9114191477086134,12.965632414226913,0.6701899924822,2.1426028991122474,2.0914290515741354,289
291,0.9624811838007277,12.933586032165417,0.6709248278900095,2.1232303593372723,2.0914290515741354,289
292,0.9100864867495883,13.575762385296475,0.691388325750861,2.222135344031799,2.0914290515741354,289
293,0.9283976771269634,13.237384800492016,0.6838735053203004,2.1836236685755233,2.0914290515741354,289
294,0.9501965524284703,13.14371973770048,0.6791402161781421,2.2013623796947774,2.0914290515741354,289
295,0.9634720206640328,13.092020730951601,0.6741712381350488,2.07958379382016,2.07958379382016,295
296,0.9640299186205409,12.949854297494523,0.6693929393839357,2.1431163881183313,2.07958379382016,295
297,0.9185201645277108,12.991808683332499,0.6758826964452849,2.162045460115325,2.07958379382016,295
298,0.9403198422140376,13.05355573631406,0.6722057714377284,2.1545298482990094,2.07958379382016,295
299,0.9303027338283077,13.05544630947282,0.6719637692295798,2.107545604242353,2.07958379382016,295
300,0.9303205983274302,13.243254913447927,0.6711019957289969,2.117990437434282,2.07958379382016,295
301,0.9189303680590004,13.309109878478159,0.6770961944155445,2.12065124410217,2.07958379382016,295
302,0.9929253958213101,13.038127725722182,0.6673128507625895,2.09617882488041,2.07958379382016,295
303,0.9680672453087606,13.636424109242451,0.6851248785751672,2.1582059627743813,2.07958379382016,295
304,0.9513662174628799,12.953892188315091,0.6690077150446735,2.1423811652232567,2.07958379382016,295
305,0.9642605965684174,13.150196701299944,0.6730178663357483,2.10725384912526,2.07958379382016,295
306,0.981046912586613,13.01048101082645,0.6707564304833624,2.1131939833092734,2.07958379382016,295
307,0.9689826917876104,12.843760466714826,0.6635173086093725,2.0670383237851606,2.0670383237851606,307
308,0.8781341166253303,13.00646646041525,0.6738464467654861,2.183798721645779,2.0670383237851606,307
309,0.9443041769562254,13.263105931614936,0.670863395659034,2.11349740863105,2.0670383237851606,307
310,0.9826588680030434,12.945116194392932,0.6670062662799355,2.1277233881405047,2.0670383237851606,307
311,0.9268467077024424,13.088169563405971,0.666580058096467,2.0903203821291823,2.0670383237851606,307
312,0.9872302610403413,13.078926761296467,0.6678821652868595,2.125832814981742,2.0670383237851606,307
313,0.9071674587999939,12.959342173902389,0.66678900080291,2.077693220661397,2.0670383237851606,307
314,0.9823190184535494,13.098380992504227,0.6696007574655758,2.1240822842791838,2.0670383237851606,307
315,0.8791503948011216,13.077012847728337,0.6688678827433266,2.0721382032319466,2.0670383237851606,307
316,1.0285115640634184,12.993675916081893,0.667320270459911,2.0527189826382366,2.0527189826382366,316
317,0.945218448046666,13.17308197268472,0.6723496431798448,2.102469065204935,2.0527189826382366,316
318,0.9603287057512125,13.47196758483947,0.6796132022800954,2.1324381508327277,2.0527189826382366,316
319,0.927776982070534,13.130053928015844,0.6700552007063683,2.1251909537241374,2.0527189826382366,316
320,0.9457650780677795,12.882377174013254,0.666324407219247,2.099423141782484,2.0527189826382366,316
321,0.9466504940561428,12.992077098040223,0.6698404146919708,2.1274783138421465,2.0527189826382366,316
322,0.9486418140541976,13.170432836221515,0.673270518973273,2.115831449567794,2.0527189826382366,316
323,0.9328668054881369,13.0200505786671,0.6706759124531879,2.1096929219041574,2.0527189826382366,316
324,0.9155238470074477,13.269641246237818,0.6763432729256794,2.1284819514449467,2.0527189826382366,316
325,0.96350961297181,13.221233237209749,0.6717692004771947,2.121398137201928,2.0527189826382366,316
326,0.9422324102395659,12.919196669790391,0.668596208128035,2.0949767937979864,2.0527189826382366,316
327,0.9400872476161666,12.948477213341844,0.6682609910717099,2.0918608491474333,2.0527189826382366,316
328,0.9507733232276455,13.116259746079686,0.6748800549126893,2.054201098633069,2.0527189826382366,316
329,0.8981146320795558,12.981573913824876,0.671036412369746,2.072208224460049,2.0527189826382366,316
330,0.8898198228732795,13.035922057036958,0.6709413120541252,2.0648559955093053,2.0527189826382366,316
331,0.9072390421750439,13.121137891637483,0.6770376204729818,2.161240215992148,2.0527189826382366,316
332,0.9751324283469255,13.125409186551723,0.6768467178059898,2.119530904452533,2.0527189826382366,316
333,0.8849047457526444,13.232810080255996,0.6732324513126354,2.089363425345117,2.0527189826382366,316
334,1.0006457293868825,13.081435855303466,0.6730463069892564,2.102550756637721,2.0527189826382366,316
335,0.9260379212677099,13.077993144921768,0.6721313447073579,2.0725466603958766,2.0527189826382366,316
336,0.9055289153460484,12.853049949643067,0.6683513977768843,2.100065003040088,2.0527189826382366,316
337,0.873971393533573,13.585822101733841,0.6922252604060297,2.215249923268404,2.0527189826382366,316
338,0.8552354164184279,13.192968001465777,0.6847402044678211,2.15666549575613,2.0527189826382366,316
339,0.9466454696123767,12.967908104140239,0.6702632152668451,2.138961795250927,2.0527189826382366,316
340,0.9248749171472659,12.900921129255686,0.6686185132626041,2.108537571640469,2.0527189826382366,316
341,1.0067389497331753,13.22280871484205,0.674315732136126,2.139580316099164,2.0527189826382366,316
342,0.9885335549427445,12.966986157970226,0.6685279132696645,2.120464520827231,2.0527189826382366,316
343,0.8846426568213542,13.361707490987683,0.683250704333322,2.1672737118136314,2.0527189826382366,316
344,0.8719935793026238,12.925521920728968,0.6652974004874352,2.078230050076848,2.0527189826382366,316
345,0.872173445809419,12.975342024523767,0.6679833359323851,2.0960037718101536,2.0527189826382366,316
346,0.9554329783104027,13.058363860643752,0.6768670308001501,2.144598504113164,2.0527189826382366,316
347,0.8512455944422703,12.76358616053767,0.66225909369701,2.056500128955762,2.0527189826382366,316
348,0.8616644316797804,12.931660448392604,0.6729222431402537,2.1733188778397987,2.0527189826382366,316
349,0.8811327036778638,13.161470119024418,0.6754715870449933,2.090483764994754,2.0527189826382366,316
350,1.000077220095191,13.152145625482126,0.674227614796886,2.0917324768959125,2.0527189826382366,316
351,0.9405766232947635,12.944310950269758,0.6707651143009022,2.09216427446921,2.0527189826382366,316
352,0.9308342491365542,12.982402498357418,0.6692177025991296,2.100741874911744,2.0527189826382366,316
353,0.8919038535303371,12.878631038309782,0.6662349259248346,2.076316136508718,2.0527189826382366,316
354,0.9586536119318312,12.703402914983725,0.6588777293873551,2.0347351972206242,2.0347351972206242,354
355,0.9522631790987246,12.705666934692367,0.6616967657960596,2.05523974684992,2.0347351972206242,354
356,0.9134863933939843,12.799962188536826,0.6648063538319993,2.0839717907812383,2.0347351972206242,354
357,0.8706207516466736,12.951523136764296,0.6681627347862835,2.087309469320782,2.0347351972206242,354
358,0.9118533428687199,12.857391265785411,0.6680111866935159,2.1243390287822255,2.0347351972206242,354
359,0.8978701989362194,12.883065716089595,0.6699293589746208,2.105760062925744,2.0347351972206242,354
360,0.9177801751407089,12.747317895208566,0.6638867521878716,2.1102997725477106,2.0347351972206242,354
361,0.903647266185967,12.890487966268442,0.6711207925082829,2.13624263755962,2.0347351972206242,354
362,0.8570427333663224,13.301570926252476,0.680117930882921,2.162850704238502,2.0347351972206242,354
363,0.8989853720376446,13.052061950114544,0.6730894516447986,2.115458003017915,2.0347351972206242,354
364,0.9135516498498856,13.217615473757792,0.6780263785648099,2.125494379045914,2.0347351972206242,354
365,0.8878535005697019,12.70740579519024,0.6633694138377118,2.0775998590239273,2.0347351972206242,354
366,0.9202243216857788,13.271205053665437,0.6807363122357428,2.112447090209515,2.0347351972206242,354
367,0.8938362247245327,13.076067561148955,0.6720570314879628,2.0994464821918513,2.0347351972206242,354
368,0.8801565754945111,12.861032369646729,0.6682411790757898,2.089293404117015,2.0347351972206242,354
369,0.8522950454502348,12.884349438604803,0.6695298313407432,2.0989329931857674,2.0347351972206242,354
370,0.8593859932604869,12.93412286158087,0.6715506134406622,2.1002400561103443,2.0347351972206242,354
371,0.8914390716962753,12.799460369735424,0.6681182024704656,2.14176264437502,2.0347351972206242,354
372,0.859840606238432,13.03712408811938,0.6765516175341324,2.1224834662375143,2.0347351972206242,354
373,0.9104570372469106,12.73541428643117,0.662057461735587,2.053699279831669,2.0347351972206242,354
374,0.8775181470403246,12.902123160338109,0.6700849073035642,2.125914506414528,2.0347351972206242,354
375,0.9656682559259379,12.958385217118323,0.6653401325830073,2.0960037718101536,2.0347351972206242,354
376,0.8639472578741183,13.097424035720163,0.6705437223124394,2.0850221092027734,2.0347351972206242,354
377,0.9121896916893637,12.873134371903749,0.663052718216781,2.100555151636805,2.0347351972206242,354
378,0.8784472401354723,12.822602385623242,0.6633182956059929,2.078451783965839,2.0347351972206242,354
379,0.8795086089403007,13.016176070712104,0.6711700849911831,2.1273849522046766,2.0347351972206242,354
380,0.9388432307228162,12.949177425622867,0.669027331929359,2.0895618188247407,2.0347351972206242,354
381,0.9576482163493041,12.928206067806222,0.6694745943473321,2.091265668708563,2.0347351972206242,354
382,0.8721125809250364,13.07228641483143,0.6717197776162265,2.1448085677974706,2.0347351972206242,354
383,0.8944111583149357,12.734644052922045,0.6586728302244881,2.0431727552069536,2.0347351972206242,354
384,0.866169743666983,13.006968279216649,0.6679717404899502,2.136791137179755,2.0347351972206242,354
385,0.8950027075542766,12.934052840352766,0.672588574665386,2.1096929219041574,2.0347351972206242,354
386,0.9197057726656556,12.843235307504058,0.6672112529693377,2.1182121713232727,2.0347351972206242,354
387,0.9038672705364835,12.999861124564264,0.6712798651478673,2.09799937681107,2.0347351972206242,354
388,0.841692459051776,13.243301594266663,0.6819473804329179,2.1697477952065802,2.0347351972206242,354
389,0.8282902026252382,13.03508180229973,0.6771642873246697,2.1674721052932546,2.0347351972206242,354
390,0.916640672524264,13.011029510446583,0.6710249395556336,2.123417082612212,2.0347351972206242,354
391,0.8521297397507224,12.856154224088936,0.667531156073087,2.110533176641385,2.0347351972206242,354
392,0.8620905838194927,13.043087562712763,0.6740558603829228,2.161240215992148,2.0347351972206242,354
393,0.9177222318330388,13.103399180518227,0.681902900997715,2.190719153023225,2.0347351972206242,354
394,0.9528643185166037,12.853306694146108,0.6697744301694338,2.1032626391234275,2.0347351972206242,354
395,0.8629000545686977,12.713030833847794,0.6626228530652668,2.076327806713402,2.0347351972206242,354
396,0.9309848042050745,12.886146650126095,0.6724694209638306,2.1144543654151153,2.0347351972206242,354
397,0.8829911051282457,13.15620685671206,0.6757397455552566,2.1573657080371533,2.0347351972206242,354
398,0.9394316487251573,12.772362154459827,0.6657786701553771,2.0823496323302013,2.0347351972206242,354
399,0.9057472863584567,13.232389952887383,0.6731361707563926,2.1340953198978156,2.0347351972206242,354
400,0.8485948637982083,12.681637983248589,0.660318494564748,2.0555081615576456,2.0347351972206242,354
401,0.9201085876887012,12.938837624273091,0.668437329232083,2.084438598968587,2.0347351972206242,354
402,0.9757845382781545,12.861044039851416,0.666749483939902,2.120289467756975,2.0347351972206242,354
403,0.904383653478258,12.802529633567245,0.6696847719984818,2.084707013676313,2.0347351972206242,354
404,0.889876963606306,12.868326247574055,0.667991152234319,2.100870247163265,2.0347351972206242,354
405,0.8703918667735567,12.7071490506872,0.661523978386635,2.0755225625902254,2.0347351972206242,354
406,0.9212847232438957,12.912112855547372,0.6666942332704698,2.113917535999664,2.0347351972206242,354
407,0.8901976326088996,12.699551747438099,0.6611945672571401,2.0786968582641974,2.0347351972206242,354
408,0.9154528106094166,12.905694242971327,0.6663500183039867,2.0955953146462236,2.0347351972206242,354
409,0.8916248677262835,12.797289711664254,0.6637580954751116,2.0894451167779033,2.0347351972206242,354
410,0.8426688605812704,13.170094400285686,0.6762359175275388,2.1696894441831613,2.0347351972206242,354
411,0.9063480200281568,12.838182108876007,0.6663604531080964,2.075779307093267,2.0347351972206242,354
412,0.820877251256803,12.776586768555335,0.6591802311218393,2.0648443253046214,2.0347351972206242,354
413,0.8803845695249594,12.8570411596449,0.667140898958055,2.0856289598463267,2.0347351972206242,354
414,0.8573049361918382,12.684473842986732,0.6593480605177428,2.0491712404143856,2.0347351972206242,354
415,0.7899260382363751,13.285956192385658,0.6792275553517808,2.121818264570542,2.0347351972206242,354
416,0.8627668771014851,12.971292463498518,0.6731375871363127,2.0889432979765035,2.0347351972206242,354
417,0.9070347207746688,13.249521813363085,0.6815845136529725,2.279272666163292,2.0347351972206242,354
418,0.8677810200840045,12.864521760847165,0.666138403303018,2.0955019530087537,2.0347351972206242,354
419,0.9241501540894721,12.78768513320955,0.6634675411126724,2.044013009944181,2.0347351972206242,354
420,0.8927181325141033,12.852104663063685,0.6647084098157217,2.057200341236785,2.0347351972206242,354
421,0.9071874683070335,12.70347293621183,0.6613416300708498,2.0438146164645583,2.0347351972206242,354
422,0.9316035408502931,12.86824455614127,0.6628061737461532,2.070994523172942,2.0347351972206242,354
423,0.8926910811169132,12.788607079379567,0.6634742647005192,2.0456468385999025,2.0347351972206242,354
424,0.8917493005846716,12.871652255908916,0.6649178375650469,2.0894801273919543,2.0347351972206242,354
425,0.9397373355118332,12.868372928392791,0.6615001916831119,2.0391231941817027,2.0347351972206242,354
426,0.8644630138281804,12.888410669834737,0.6681227866727429,2.0982911319281627,2.0347351972206242,354
427,0.9283445238307783,13.10705195458423,0.6732764844536827,2.1763764714669334,2.0347351972206242,354
428,0.9176433951991378,12.633825154659387,0.6605758066226661,2.0414455649137633,2.0347351972206242,354
429,0.9313265218096933,12.865093600876666,0.6665857044697175,2.0104611714784864,2.0104611714784864,429
430,0.9084442497059039,12.715703310720366,0.6626680431977002,2.0907054988837452,2.0104611714784864,429
431,0.8523287989531353,12.857846403768075,0.668398121447152,2.1034376921936833,2.0104611714784864,429
432,0.8629539458994653,12.94096160152553,0.6727122546740628,2.112073643659636,2.0104611714784864,429
433,0.8733335408815153,12.632938219103426,0.6594458727883503,2.0604446581388594,2.0104611714784864,429
434,0.8196553908715583,12.812134212021945,0.6688698972212367,2.1022006504972093,2.0104611714784864,429
435,0.8857214169897092,12.74420195055801,0.6646768916015956,2.087787947712815,2.0104611714784864,429
436,0.8705351626037792,12.741867909621266,0.6623555183073419,2.093284614118847,2.0104611714784864,429
437,0.890360907004897,12.895179388551295,0.6696114717163837,2.0819645155756388,2.0104611714784864,429
438,0.9190914693531717,12.680400941552113,0.658438661185366,2.060082881793664,2.0104611714784864,429
439,0.8991820895747774,12.635190568607383,0.657369400562854,2.028561658942936,2.0104611714784864,429
440,0.8668527764499567,12.612818786228692,0.6561591438095983,2.0333464428632615,2.0104611714784864,429
441,0.8195413109982849,12.80961344781026,0.6626787004650868,2.0645875808015797,2.0104611714784864,429
442,0.8641421510155793,12.958571940393263,0.6639360405679655,2.0510734837778317,2.0104611714784864,429
443,0.8680473064920705,12.611301659619809,0.653596836404445,2.0547495982532036,2.0104611714784864,429
444,0.8877284943487993,12.731504767862123,0.6608667202085933,2.0570836391899476,2.0104611714784864,429
445,0.8511739988235911,12.647234219840984,0.655022727997142,2.0255157355204854,2.0104611714784864,429
446,0.9129609868974443,12.668100545815472,0.6583553992894887,2.0821862494646295,2.0104611714784864,429
447,0.8494827753039682,12.709296368349005,0.6584880297981172,2.056371756704241,2.0104611714784864,429
448,0.8559812052994017,13.107378720315378,0.6693075804981543,2.0866792782678614,2.0104611714784864,429
449,0.8975064582695627,12.60873421458939,0.6555844062870894,2.0320393799386847,2.0104611714784864,429
450,0.8609177980832993,12.730687853534265,0.6578047890034288,2.053034078164697,2.0104611714784864,429
451,0.892965769502008,12.997958881200816,0.6617395749332172,2.0467088272261207,2.0104611714784864,429
452,0.8533985461019407,12.729065695083225,0.6612145688938863,2.0572703624648874,2.0104611714784864,429
453,0.8952188797437461,12.84715649627779,0.6604628499821446,2.060654721823166,2.0104611714784864,429
454,0.9403599381067191,12.599316359409626,0.6530953608711749,1.9959667772613063,1.9959667772613063,454
455,0.8549822992200304,12.732111618505677,0.657400264151436,2.0262626286202434,1.9959667772613063,454
456,0.8330792558800643,12.653104332796893,0.6593162063293647,2.090460424585387,1.9959667772613063,454
457,0.8350180911410386,13.346477873875429,0.6708649196236534,2.1270581864735325,1.9959667772613063,454
458,0.893973848622316,12.886438405243188,0.6626546493584888,2.077914954550388,1.9959667772613063,454
459,0.8507424961229798,13.137931316177355,0.6728225344613851,2.1253893472037606,1.9959667772613063,454
460,0.8463889559742751,12.709167996097484,0.65457498691843,2.0167514118030114,1.9959667772613063,454
461,0.8288649740112815,12.660853348706883,0.6551522244175985,2.0266710857841734,1.9959667772613063,454
462,0.8419002169256757,12.90111952273531,0.6621639386773048,2.0314208590904475,1.9959667772613063,454
463,0.8700315992164004,12.808656491026197,0.6566684816874065,2.0581572980208502,1.9959667772613063,454
464,0.8858230489834099,12.643418062909406,0.654789084573098,2.0410954587732513,1.9959667772613063,454
465,0.8728650392620427,12.74611586412614,0.6619777291648918,2.0941365390607585,1.9959667772613063,454
466,0.8159761208637505,12.917761234614295,0.664596523551786,2.0841351736468106,1.9959667772613063,454
467,0.9162737011529838,12.63985865048087,0.6600279762158311,2.065171091035766,1.9959667772613063,454
468,0.8976721963874853,12.520425775747682,0.6563403820883364,2.042962691522647,1.9959667772613063,454
469,0.8659224023295057,12.791991438737844,0.6639307825937146,2.095455272190019,1.9959667772613063,454
470,0.8491531228943235,12.682723312284175,0.6579728294659247,2.042017404943265,1.9959667772613063,454
471,0.8457673057249397,12.767857455451912,0.6579193083572962,2.0173816028559326,1.9959667772613063,454
472,0.9407454508884697,12.816954006556323,0.6625268241478125,2.1160531834567844,1.9959667772613063,454
473,0.8723687577968949,12.679140559446273,0.6576203692263121,2.039228226023856,1.9959667772613063,454
474,0.9229604093132505,12.649334856684053,0.6614681104727833,2.072791734694235,1.9959667772613063,454
475,0.8329382481848359,12.57764478931196,0.655379043962974,2.0282582336211594,1.9959667772613063,454
476,0.8265523802322946,12.640057043960496,0.6566510174084443,2.042589244972768,1.9959667772613063,454
477,0.8437720886461294,12.58808962250389,0.6531507975344942,2.0291801797911733,1.9959667772613063,454
478,0.8221194680519165,12.855874139176526,0.6652385762736861,2.0790469644047085,1.9959667772613063,454
479,0.8555127600575708,13.113027099382297,0.6690419862418499,2.1137774935434592,1.9959667772613063,454
480,0.8775393137126971,12.737339870203984,0.6571935009468912,2.042017404943265,1.9959667772613063,454
481,0.8352954204484915,12.5134586635515,0.6563015627024051,2.052368876497725,1.9959667772613063,454
482,0.8875886501779982,12.746465970266652,0.659862239251158,2.0706794276464815,1.9959667772613063,454
483,0.9064150055882277,12.462611581744532,0.6522981003532571,2.0181635065697416,1.9959667772613063,454
484,0.9164068483433147,12.715820012767203,0.6572616098113745,2.077401465544304,1.9959667772613063,454
485,0.867627419104242,12.605898354851247,0.6544658317559107,2.037396003888512,1.9959667772613063,454
486,0.889981506166944,12.824679682056944,0.6580544940025359,2.0593709993079568,1.9959667772613063,454
487,0.8587363590100768,13.29728796113355,0.6780892695713708,2.109902985588464,1.9959667772613063,454
488,0.8629674708387655,12.658682690635711,0.6563518813427562,2.028094850755587,1.9959667772613063,454
489,0.907947330622916,13.149041351036256,0.6663268834908033,2.0515169515558136,1.9959667772613063,454
490,0.9337452268524534,12.742451419855453,0.6613309235697873,2.079875548937253,1.9959667772613063,454
491,0.7894269140662661,12.62495579909976,0.6560879022245453,2.0225865141448716,1.9959667772613063,454
492,0.8912885325729467,12.803229845848266,0.6563418650248926,2.0251889697893413,1.9959667772613063,454
493,0.829055985732443,13.364870116456974,0.6786792827535965,2.0940548476279726,1.9959667772613063,454
494,0.8256618891172348,12.90918363417176,0.66572714073129,2.1085842524592042,1.9959667772613063,454
495,0.8565436056844747,12.814398231730587,0.6642331498473245,2.0512135262340365,1.9959667772613063,454
496,0.8647436364820809,12.798398381109205,0.6584537531305324,2.035972238917098,1.9959667772613063,454
497,0.8798150431578327,13.192174427547284,0.6724450347947153,2.1272799203625232,1.9959667772613063,454
498,0.8688829436803319,12.809695139243047,0.6607635592461281,2.0794204109545875,1.9959667772613063,454
499,0.8566485819922891,12.694043410827383,0.6589741950257503,2.058285670272371,1.9959667772613063,454
500,0.8312914699885496,12.587751186568061,0.6555384853992611,2.0529640569365943,1.9959667772613063,454
501,0.8642138487594143,12.731002949060723,0.6547015881252166,2.0079287370621195,1.9959667772613063,454
502,0.8846698841851228,12.985495102598604,0.6656500271186382,2.055951629335627,1.9959667772613063,454
503,0.8611548598025255,12.745135566932708,0.665789753658755,2.132671554926402,1.9959667772613063,454
504,0.8835121594416867,12.94846554313716,0.6642115408222301,2.0638873685205565,1.9959667772613063,454
505,0.8865062498552784,12.7756064713619,0.6585581207739272,2.0304639023063826,1.9959667772613063,454
506,0.8036479443121868,12.433809516585113,0.6505737528489888,2.0164946672999697,1.9959667772613063,454
507,0.8772598804941603,12.847996751015017,0.6597584943225913,2.022364780255881,1.9959667772613063,454
508,0.8286470114045842,12.631526124336695,0.656636477974531,2.0366957916074893,1.9959667772613063,454
509,0.8712629816334718,13.26569671705472,0.6753506158002318,2.10032174754313,1.9959667772613063,454
510,0.8825753644393508,12.84553433782675,0.66523768277364,2.0614249553322916,1.9959667772613063,454
511,0.8418504110756954,12.658600999202926,0.658051587392182,2.0796771554576297,1.9959667772613063,454
512,0.8837355692295512,12.772350484255144,0.6566251296122108,2.049789761262623,1.9959667772613063,454
513,0.9243452131368552,12.49601170754934,0.6531570255945094,2.0144290410709513,1.9959667772613063,454
514,0.8435069240012746,12.916360810052247,0.6627724308992593,2.1129138983968643,1.9959667772613063,454
515,0.8375019283051703,12.821225301470562,0.6608291649428801,2.0811826118618293,1.9959667772613063,454
516,0.8764843946429575,12.757926111266066,0.6552144302555016,2.028293244235211,1.9959667772613063,454
517,0.7992846868979703,12.590015206276703,0.6543153599660047,2.0461019765825674,1.9959667772613063,454
518,0.8366204088280915,12.699201641297586,0.6562332286394409,2.0683103760956865,1.9959667772613063,454
519,0.8541009488758767,12.705200126505018,0.6594377656430341,2.0883131069235823,1.9959667772613063,454
520,0.8004426325962042,12.979134841045978,0.6636937393108219,2.0843218969217503,1.9959667772613063,454
521,0.8797962396008194,13.205956939278757,0.6698153524715451,2.116333268369194,1.9959667772613063,454
522,0.8234659135341644,12.57363023890076,0.6544558186291186,2.0560449909730965,1.9959667772613063,454
523,0.8351249611301786,12.730232715551598,0.6547461610132305,2.015631072153375,1.9959667772613063,454
524,0.8839468999653105,12.578963522441219,0.6521509896734735,2.017568326130872,1.9959667772613063,454
525,0.8414202807055917,12.93341097909516,0.6626301473990615,2.0763978279415043,1.9959667772613063,454
526,0.851432684500506,12.805435514533489,0.6652702900549141,2.040616980381219,1.9959667772613063,454
527,0.8220511638814476,13.112151834031016,0.6700846811933484,2.0804357187620712,1.9959667772613063,454
528,0.849125595609094,12.9214840299084,0.6620389535203465,2.0625569651866122,1.9959667772613063,454
529,0.8654304171443745,13.179115468506202,0.6695322661283688,2.0575387771726126,1.9959667772613063,454
530,0.8318775432884313,12.803428239327891,0.6640339212186787,2.108280827137427,1.9959667772613063,454
531,0.8566636743059584,12.788793802654505,0.6626134307425868,2.080108953030927,1.9959667772613063,454
532,0.8576710193779817,13.105709881045605,0.6712188390947189,2.0954786125993863,1.9959667772613063,454
533,0.8372639916884671,12.57909189469274,0.6565325858008036,2.0564184375229755,1.9959667772613063,454
534,0.8752943241292503,12.795667553213216,0.6626902877019091,2.1443184192007543,1.9959667772613063,454
535,0.8357892742582188,12.774334419051375,0.6571462247653705,2.0536292586035665,1.9959667772613063,454
536,0.8737136772863424,12.854613757070684,0.6612645251196779,2.0663847923228724,1.9959667772613063,454
537,0.8768858463521216,13.580243743895023,0.679502682250669,2.1113967717879807,1.9959667772613063,454
538,0.8456514838394845,12.908425070867318,0.6690594149631571,2.100368428361865,1.9959667772613063,454
539,0.8610521226551882,12.812262584273466,0.6619144948902009,2.049778091057939,1.9959667772613063,454
540,0.8167806689146977,13.540425005514173,0.6857396754428551,2.3211220201591116,1.9959667772613063,454
541,0.8328745042442516,12.582803019782162,0.656342197808073,2.0615533275838125,1.9959667772613063,454
542,0.8372888219584326,12.703239532118154,0.6622968568382439,2.0563834269089245,1.9959667772613063,454
543,0.9116435149672685,12.67762343283739,0.6590843034069412,2.062031805975845,1.9959667772613063,454
544,0.8395620313040011,12.988330962336747,0.6646990627111578,2.053244141849004,1.9959667772613063,454
545,0.8366282519641196,12.525724048674089,0.6538759886122143,2.01006438451924,1.9959667772613063,454
546,0.8846665104483343,13.177084852891236,0.6722542629616587,2.095653665669642,1.9959667772613063,454
547,0.8634366766092884,12.944661056410267,0.6674766726284393,2.1006018324555393,1.9959667772613063,454
548,0.8729232627495079,13.01738977199921,0.6653536531533476,2.0544345027267434,1.9959667772613063,454
549,0.8581743567802345,13.286329638935538,0.6753487722725856,2.124420720215012,1.9959667772613063,454
550,0.8507871950507924,12.790929450111626,0.6605662944941141,2.0483659962912086,1.9959667772613063,454
551,0.8496306048836678,13.241481042336002,0.6738095912561867,2.1079307209969156,1.9959667772613063,454
552,0.8603233271723341,13.246674283420257,0.6727031683256349,2.075405860543388,1.9959667772613063,454
553,0.8626732742710478,12.622096598952249,0.6541013037952673,2.0109980008939377,1.9959667772613063,454
554,0.8453748252741091,13.433759334704973,0.6692044368586493,2.003190633960529,1.9959667772613063,454
555,0.8486993240702684,12.664237708065162,0.6573306992465716,2.068648812031514,1.9959667772613063,454
556,0.8045978073481541,12.569802411764499,0.6537099667304346,1.9887896013808186,1.9887896013808186,556
557,0.8437650019575835,12.823711055068197,0.6646301492407657,2.067761876475551,1.9887896013808186,556
558,0.8504767562173734,13.125572569417296,0.670386995110476,2.1027491501173436,1.9887896013808186,556
559,0.8481308151582244,13.274717785275236,0.6768652191832198,2.1658499468422177,1.9887896013808186,556
560,0.8054756341846125,12.683038407810635,0.6566709337979922,2.0263793306670808,1.9887896013808186,556
561,0.7839140085278044,12.821960524365636,0.6611365216648597,2.1093194753542783,1.9887896013808186,556
562,0.8705887645483017,12.92311785856412,0.6657265914111087,2.151040457098577,1.9887896013808186,556
563,0.8081008412276104,12.706413827792126,0.6544071967271202,1.999724583169464,1.9887896013808186,556
564,0.8001807341530065,12.925965388506949,0.6628925542307118,2.1340136284650297,1.9887896013808186,556
565,0.8607865602347502,12.744295312195481,0.662924590766038,2.154506507889642,1.9887896013808186,556
566,0.889388146578886,13.102395542915426,0.6715166353662052,2.164239458595864,1.9887896013808186,556
567,0.8253628605869925,12.77334245165326,0.6660897727395397,2.128563642877732,1.9887896013808186,556
568,0.8698672143517027,12.519970637765015,0.652984307476925,2.03280961344781,1.9887896013808186,556
569,0.8168908416465589,13.36806775254031,0.6745296643109386,2.0587174678456686,1.9887896013808186,556
570,0.8011395403533984,12.878794421175352,0.6635596787462524,2.023613492157039,1.9887896013808186,556
571,0.8366731786803835,12.662837283503114,0.6548837144335925,2.034116676372387,1.9887896013808186,556
572,0.8117524880892152,13.39202668275599,0.6720726262548388,2.080155633849662,1.9887896013808186,556
573,0.8134823846779052,12.92417984719034,0.6633912389439398,2.0215945467467553,1.9887896013808186,556
574,0.8674528710781388,12.602012176691568,0.6544823213904348,2.005839770423733,1.9887896013808186,556
575,0.8424362227035935,13.319356318190465,0.674571997066694,2.12033614857571,1.9887896013808186,556
576,0.8356820077273497,12.900676054957326,0.6692013456220103,2.125786134163007,1.9887896013808186,556
577,0.7846555027422631,12.569907443606654,0.6563698247383248,2.0383179500585262,1.9887896013808186,556
578,0.8508998966141111,12.435933493837549,0.6506355990075366,2.053442535328627,1.9887896013808186,556
579,0.8444629404575202,12.593784682389545,0.6566162301694047,2.048447687723995,1.9887896013808186,556
580,0.8209900800969191,13.140802186529548,0.6741955039551782,2.137327966595206,1.9887896013808186,556
581,0.8220736636857319,12.830911571358051,0.6594092529624814,2.066606526211863,1.9887896013808186,556
582,0.8382425262669849,12.8263601915314,0.6591528152581799,2.0395433215503167,1.9887896013808186,556
583,0.8940364517224063,12.575124025100276,0.652754611408442,2.01015774615671,1.9887896013808186,556
584,0.8192471161389806,12.982110743240325,0.6700856827339613,2.117792043954659,1.9887896013808186,556
585,0.8415068112740851,12.625585990152683,0.6565680696051853,2.0317943056403265,1.9887896013808186,556
586,0.8521335208491915,13.381978636523307,0.6734205672623917,2.11682341696591,1.9887896013808186,556
587,0.8553705775434044,13.046868709030287,0.6697539457691424,2.116449970416031,1.9887896013808186,556
588,0.8230001516402907,12.549519596024194,0.6565622595755488,2.0685904610080956,1.9887896013808186,556
589,0.8278414274856543,12.675324402514695,0.6613816980775088,2.10232902274873,1.9887896013808186,556
590,0.8872159058880654,12.931905522690961,0.661143405718021,2.0250605975378204,1.9887896013808186,556
591,0.8189690695826415,12.810091926202293,0.6586006960511237,2.0498131016719903,1.9887896013808186,556
592,0.8051905246676913,12.819381409130534,0.6599154303118103,2.0356688135953216,1.9887896013808186,556
593,0.8248889611405172,12.704523254633363,0.6588441629611336,2.0680653017973283,1.9887896013808186,556
